IDAlumno;Estado;Sexo;Estado_Carrera;TiempoEstudio;Ausencias;CincoF;aplazos;Promedio;ADMINISTRACION Y MERCADOTECNIA;BASES DE DATOS I;BASES DE DATOS II;COMPUTACION I;COMPUTACION II;COMPUTACION III;CONTABILIDAD I;CALCULO I;CALCULO II;CALCULO III;DERECHO INTELECTUAL Y LABORAL;DISENO DE SISTEMA INFORMATICO I;DISENO TECNICO;ELECTRONICA I;EMPRENDEDORISMO;ESTRUCTURA DE DATOS I;ESTRUCTURAS DE LOS LENGUAJES;EVENTOS Y DEPORTES I;EVENTOS Y DEPORTES II;EVENTOS Y DEPORTES III;EVENTOS Y DEPORTES IV;EVENTOS Y DEPORTES V;EVENTOS Y DEPORTES VI;EXPRESION ORAL Y ESCRITA;FISICA I;FISICA II;FISICA III;GEOMETRIA ANALITICA Y VECTORIAL;IDIOMAS I;INFORMATICA I;INGENIERIA DE SOFTWARE I;INGLES II;INGLES III;INGLES I;INVESTIGACION DE OPERACIONES I;LABORATORIO DE IDIOMAS I;LABORATORIO I;LENGUAJE DE PROGRAMACION  I;LENGUAJE DE PROGRAMACION II;LENGUAJE DE PROGRAMACION IV;LENGUAJES DE PROGRAMACION III;MATEMATICA APLICADA;METODOLOGIA DE LA INVESTIGACION I;METODOS NUMERICOS;PROBABILIDADES Y ESTADISTICAS;QUIMICA;REDES DE COMPUTADORAS I;REDES DE COMPUTADORAS II;SISTEMAS OPERATIVOS I;SISTEMAS OPERATIVOS II;TALLER DE HARDWARE I;TALLER DE HARDWARE II;ALGEBRA I;ALGEBRA II;ETICA PROFESIONAL
5386.0;3.0;1.0;0.0;1.0;13.0;0.0;3.0;2.5;2.0;0.0;0.0;2.0;4.0;0.0;0.0;1.0;0.0;0.0;0.0;0.0;0.0;2.0;0.0;0.0;0.0;5.0;4.0;0.0;0.0;0.0;0.0;0.0;2.0;0.0;0.0;0.0;0.0;2.0;0.0;0.0;0.0;4.0;0.0;0.0;2.0;0.0;0.0;0.0;0.0;0.0;0.0;0.0;0.0;3.0;0.0;0.0;0.0;0.0;0.0;0.0;1.0;0.0;0.0
6268.0;3.0;1.0;0.0;2.0;3.0;0.0;2.0;3.4375;5.0;0.0;0.0;5.0;3.0;0.0;0.0;0.0;0.0;0.0;0.0;0.0;2.0;5.0;0.0;0.0;0.0;5.0;5.0;0.0;0.0;0.0;0.0;0.0;0.0;0.0;0.0;0.0;0.0;3.0;0.0;3.0;0.0;5.0;0.0;0.0;5.0;0.0;0.0;0.0;0.0;0.0;1.0;0.0;0.0;3.0;0.0;0.0;0.0;0.0;0.0;0.0;2.0;2.0;0.0
5302.0;2.0;1.0;0.0;6.0;13.0;2.0;2.0;3.3684210526315788;2.0;4.0;3.0;2.0;5.0;4.0;4.0;2.0;3.0;3.0;5.0;5.0;3.0;4.0;3.0;4.0;2.0;3.0;4.0;4.0;3.0;4.0;5.0;3.0;4.0;4.0;3.0;2.0;4.0;3.0;5.0;5.0;2.0;4.0;2.0;2.0;3.0;4.0;4.0;4.0;4.0;2.0;3.0;2.0;3.0;3.0;5.0;3.0;5.0;5.0;5.0;3.0;3.0;3.0;2.0
5190.0;2.0;1.0;0.0;5.0;7.0;3.0;12.0;2.791044776119403;5.0;3.0;3.0;2.0;3.0;3.0;5.0;2.0;3.0;2.0;5.0;3.0;2.0;4.0;4.0;4.0;2.0;4.0;3.0;4.0;5.0;5.0;4.0;2.0;2.0;2.0;2.0;3.0;3.0;2.0;3.0;4.0;4.0;4.0;2.0;2.0;3.0;2.0;3.0;5.0;3.0;2.0;5.0;3.0;3.0;2.0;3.0;3.0;4.0;3.0;4.0;4.0;3.0;2.0;3.0
5317.0;2.0;2.0;0.0;4.0;4.0;0.0;5.0;3.05;4.0;2.0;4.0;2.0;2.0;4.0;4.0;2.0;3.0;2.0;3.0;3.0;5.0;2.0;4.0;5.0;2.0;4.0;4.0;5.0;5.0;3.0;5.0;4.0;3.0;2.0;2.0;2.0;3.0;2.0;2.0;4.0;5.0;5.0;2.0;2.0;4.0;2.0;4.0;4.0;4.0;2.0;3.0;2.0;3.0;4.0;3.0;3.0;5.0;3.0;4.0;3.0;3.0;3.0;2.0
5712.0;2.0;1.0;0.0;3.0;1.0;1.0;3.0;3.603448275862069;5.0;5.0;5.0;3.0;3.0;4.0;4.0;2.0;2.0;3.0;5.0;4.0;2.0;4.0;4.0;4.0;3.0;4.0;5.0;5.0;5.0;5.0;5.0;4.0;3.0;3.0;5.0;4.0;3.0;2.0;4.0;4.0;3.0;5.0;3.0;2.0;3.0;2.0;5.0;5.0;4.0;3.0;4.0;5.0;4.0;2.0;3.0;3.0;4.0;5.0;4.0;4.0;4.0;3.0;3.0
5896.0;4.0;1.0;1.0;5.0;6.0;0.0;5.0;2.466666666666667;0.0;0.0;0.0;0.0;0.0;0.0;4.0;0.0;1.0;0.0;0.0;3.0;0.0;4.0;0.0;1.0;0.0;0.0;0.0;0.0;0.0;0.0;0.0;0.0;3.0;2.0;0.0;0.0;0.0;2.0;0.0;0.0;0.0;0.0;0.0;0.0;2.0;0.0;0.0;0.0;0.0;0.0;0.0;0.0;0.0;0.0;5.0;0.0;0.0;0.0;5.0;0.0;0.0;2.0;0.0
5703.0;4.0;2.0;0.0;7.0;15.0;0.0;17.0;2.4098360655737703;4.0;3.0;0.0;2.0;2.0;3.0;2.0;1.0;0.0;0.0;4.0;3.0;2.0;3.0;4.0;3.0;2.0;3.0;5.0;5.0;3.0;5.0;5.0;3.0;2.0;2.0;0.0;3.0;3.0;2.0;3.0;2.0;2.0;4.0;0.0;1.0;2.0;2.0;3.0;0.0;4.0;0.0;2.0;0.0;2.0;2.0;2.0;3.0;2.0;3.0;3.0;4.0;3.0;1.0;4.0
5437.0;3.0;1.0;0.0;1.0;11.0;0.0;5.0;2.6666666666666665;2.0;0.0;0.0;1.0;0.0;0.0;0.0;0.0;0.0;0.0;0.0;0.0;0.0;4.0;0.0;0.0;0.0;3.0;5.0;0.0;0.0;0.0;0.0;0.0;0.0;0.0;0.0;0.0;0.0;1.0;0.0;5.0;0.0;4.0;0.0;0.0;0.0;0.0;0.0;0.0;0.0;0.0;0.0;0.0;0.0;4.0;0.0;0.0;0.0;0.0;0.0;0.0;1.0;0.0;0.0
5188.0;2.0;1.0;0.0;4.0;3.0;2.0;8.0;2.8412698412698414;4.0;2.0;4.0;2.0;3.0;3.0;4.0;2.0;2.0;3.0;5.0;3.0;3.0;5.0;5.0;3.0;3.0;3.0;4.0;4.0;5.0;5.0;5.0;3.0;2.0;2.0;3.0;3.0;2.0;2.0;3.0;3.0;4.0;4.0;2.0;2.0;2.0;2.0;3.0;3.0;2.0;2.0;5.0;2.0;2.0;2.0;3.0;3.0;4.0;3.0;4.0;3.0;4.0;3.0;2.0
5099.0;2.0;1.0;0.0;6.0;6.0;2.0;3.0;3.5172413793103448;2.0;3.0;4.0;3.0;4.0;3.0;5.0;3.0;2.0;3.0;5.0;4.0;2.0;2.0;5.0;3.0;2.0;5.0;3.0;5.0;5.0;5.0;5.0;5.0;3.0;3.0;3.0;4.0;5.0;3.0;3.0;4.0;3.0;4.0;4.0;4.0;2.0;3.0;5.0;5.0;4.0;2.0;4.0;3.0;3.0;3.0;5.0;3.0;4.0;5.0;4.0;4.0;3.0;4.0;4.0
5333.0;3.0;1.0;0.0;2.0;1.0;0.0;4.0;2.8846153846153846;4.0;0.0;0.0;2.0;3.0;0.0;5.0;0.0;0.0;0.0;4.0;0.0;3.0;2.0;4.0;3.0;0.0;3.0;3.0;3.0;2.0;0.0;0.0;3.0;4.0;0.0;0.0;0.0;0.0;3.0;0.0;2.0;0.0;4.0;0.0;0.0;3.0;0.0;0.0;0.0;0.0;0.0;1.0;0.0;1.0;3.0;0.0;0.0;0.0;0.0;5.0;0.0;3.0;0.0;0.0
5967.0;2.0;2.0;0.0;3.0;5.0;5.0;1.0;4.107142857142857;5.0;3.0;5.0;4.0;4.0;4.0;5.0;3.0;4.0;2.0;5.0;5.0;3.0;5.0;5.0;5.0;5.0;5.0;5.0;5.0;4.0;5.0;5.0;5.0;3.0;4.0;5.0;3.0;5.0;3.0;4.0;4.0;5.0;3.0;3.0;3.0;5.0;2.0;4.0;5.0;4.0;3.0;4.0;4.0;5.0;3.0;5.0;4.0;5.0;4.0;4.0;5.0;4.0;3.0;5.0
5415.0;3.0;1.0;0.0;1.0;1.0;0.0;1.0;3.4545454545454546;5.0;0.0;0.0;3.0;3.0;0.0;0.0;3.0;3.0;0.0;0.0;0.0;3.0;2.0;0.0;0.0;0.0;2.0;5.0;0.0;0.0;0.0;0.0;4.0;3.0;3.0;0.0;3.0;0.0;4.0;0.0;5.0;0.0;5.0;0.0;0.0;3.0;0.0;0.0;0.0;0.0;0.0;0.0;0.0;4.0;4.0;0.0;0.0;0.0;0.0;0.0;0.0;4.0;4.0;0.0
5397.0;3.0;2.0;0.0;1.0;11.0;0.0;2.0;2.625;0.0;0.0;0.0;3.0;0.0;0.0;0.0;2.0;0.0;0.0;0.0;0.0;4.0;1.0;0.0;0.0;0.0;0.0;0.0;0.0;0.0;0.0;0.0;0.0;0.0;0.0;0.0;3.0;0.0;0.0;0.0;0.0;0.0;5.0;0.0;0.0;0.0;0.0;0.0;0.0;0.0;0.0;0.0;0.0;0.0;0.0;0.0;0.0;0.0;0.0;0.0;0.0;2.0;0.0;0.0
5311.0;2.0;1.0;0.0;10.0;16.0;0.0;20.0;2.3733333333333335;3.0;2.0;2.0;2.0;2.0;2.0;4.0;2.0;2.0;2.0;5.0;3.0;2.0;3.0;3.0;4.0;3.0;2.0;5.0;5.0;5.0;4.0;3.0;3.0;2.0;2.0;2.0;2.0;3.0;3.0;2.0;3.0;4.0;4.0;2.0;2.0;2.0;3.0;4.0;4.0;2.0;2.0;5.0;2.0;3.0;3.0;3.0;2.0;3.0;3.0;3.0;2.0;2.0;3.0;3.0
5707.0;3.0;1.0;0.0;3.0;5.0;0.0;12.0;2.6315789473684212;4.0;4.0;0.0;2.0;3.0;3.0;4.0;2.0;1.0;0.0;3.0;3.0;2.0;3.0;3.0;3.0;2.0;4.0;5.0;5.0;5.0;5.0;5.0;2.0;2.0;0.0;0.0;0.0;3.0;3.0;2.0;3.0;3.0;4.0;0.0;1.0;2.0;2.0;3.0;3.0;3.0;0.0;2.0;0.0;2.0;2.0;3.0;2.0;3.0;4.0;4.0;4.0;3.0;2.0;2.0
6101.0;3.0;2.0;0.0;3.0;6.0;2.0;1.0;3.8974358974358974;5.0;4.0;0.0;4.0;4.0;0.0;5.0;3.0;2.0;0.0;3.0;5.0;3.0;5.0;4.0;5.0;0.0;5.0;5.0;5.0;5.0;4.0;0.0;5.0;3.0;2.0;4.0;3.0;5.0;3.0;0.0;5.0;5.0;5.0;0.0;0.0;3.0;3.0;3.0;0.0;0.0;0.0;0.0;0.0;3.0;3.0;5.0;0.0;5.0;0.0;5.0;0.0;3.0;2.0;0.0
5529.0;2.0;1.0;0.0;2.0;2.0;1.0;1.0;4.267857142857143;4.0;5.0;5.0;5.0;4.0;5.0;5.0;4.0;5.0;3.0;4.0;5.0;3.0;3.0;4.0;4.0;4.0;5.0;5.0;3.0;5.0;5.0;4.0;4.0;4.0;4.0;5.0;5.0;5.0;3.0;5.0;5.0;4.0;5.0;5.0;5.0;5.0;4.0;5.0;5.0;5.0;2.0;3.0;5.0;4.0;3.0;4.0;4.0;4.0;5.0;5.0;5.0;5.0;4.0;3.0
5530.0;3.0;2.0;0.0;3.0;5.0;1.0;8.0;2.9714285714285715;4.0;4.0;0.0;3.0;4.0;2.0;4.0;1.0;0.0;0.0;5.0;5.0;0.0;3.0;3.0;3.0;0.0;4.0;4.0;4.0;5.0;0.0;0.0;5.0;0.0;0.0;0.0;0.0;0.0;3.0;0.0;5.0;5.0;2.0;0.0;0.0;3.0;0.0;0.0;0.0;0.0;0.0;4.0;0.0;2.0;2.0;0.0;0.0;0.0;0.0;4.0;0.0;2.0;2.0;0.0
5500.0;3.0;2.0;0.0;1.0;11.0;0.0;2.0;2.0;3.0;0.0;0.0;1.0;0.0;0.0;0.0;0.0;0.0;0.0;0.0;0.0;0.0;2.0;0.0;0.0;0.0;0.0;0.0;0.0;0.0;0.0;0.0;0.0;0.0;0.0;0.0;0.0;0.0;3.0;0.0;0.0;0.0;0.0;0.0;0.0;0.0;0.0;0.0;0.0;0.0;0.0;0.0;0.0;0.0;2.0;0.0;0.0;0.0;0.0;0.0;0.0;0.0;0.0;0.0
6160.0;3.0;1.0;0.0;0.0;3.0;0.0;4.0;2.6666666666666665;0.0;0.0;0.0;5.0;0.0;0.0;0.0;0.0;0.0;0.0;0.0;0.0;0.0;4.0;0.0;0.0;0.0;3.0;4.0;0.0;0.0;0.0;0.0;0.0;1.0;0.0;0.0;0.0;0.0;0.0;0.0;0.0;0.0;4.0;0.0;0.0;0.0;0.0;0.0;0.0;0.0;0.0;0.0;0.0;0.0;1.0;0.0;0.0;0.0;0.0;0.0;0.0;0.0;0.0;0.0
5098.0;4.0;1.0;0.0;4.0;7.0;2.0;12.0;2.58;4.0;2.0;3.0;3.0;3.0;0.0;5.0;0.0;0.0;0.0;3.0;2.0;2.0;1.0;4.0;3.0;2.0;3.0;3.0;5.0;5.0;5.0;5.0;2.0;4.0;3.0;0.0;0.0;2.0;3.0;0.0;3.0;3.0;2.0;3.0;0.0;0.0;0.0;0.0;0.0;0.0;0.0;2.0;0.0;1.0;3.0;3.0;2.0;3.0;2.0;4.0;4.0;2.0;2.0;3.0
5376.0;3.0;1.0;0.0;3.0;15.0;0.0;6.0;3.1020408163265305;2.0;3.0;2.0;2.0;3.0;2.0;3.0;0.0;0.0;0.0;5.0;4.0;0.0;2.0;4.0;5.0;0.0;3.0;5.0;3.0;3.0;4.0;5.0;3.0;1.0;4.0;2.0;3.0;3.0;4.0;0.0;5.0;5.0;5.0;0.0;3.0;4.0;3.0;4.0;0.0;0.0;0.0;2.0;0.0;3.0;3.0;3.0;2.0;4.0;5.0;0.0;5.0;3.0;3.0;3.0
5306.0;3.0;2.0;0.0;3.0;5.0;2.0;2.0;3.982456140350877;5.0;5.0;3.0;2.0;4.0;5.0;4.0;4.0;4.0;3.0;4.0;5.0;5.0;3.0;2.0;5.0;2.0;5.0;5.0;5.0;5.0;4.0;5.0;5.0;5.0;5.0;5.0;5.0;4.0;4.0;2.0;5.0;5.0;5.0;4.0;4.0;4.0;3.0;3.0;5.0;4.0;3.0;5.0;3.0;5.0;3.0;4.0;3.0;4.0;4.0;5.0;4.0;5.0;4.0;2.0
5320.0;2.0;1.0;0.0;13.0;15.0;1.0;16.0;2.6619718309859155;3.0;4.0;3.0;3.0;2.0;2.0;4.0;2.0;2.0;2.0;4.0;3.0;3.0;2.0;3.0;4.0;2.0;3.0;5.0;5.0;5.0;3.0;5.0;3.0;2.0;2.0;5.0;2.0;5.0;3.0;2.0;5.0;5.0;5.0;4.0;2.0;4.0;2.0;4.0;3.0;3.0;2.0;3.0;2.0;3.0;3.0;2.0;2.0;4.0;3.0;3.0;3.0;2.0;3.0;3.0
5328.0;3.0;1.0;0.0;2.0;30.0;0.0;1.0;2.8;3.0;0.0;0.0;2.0;4.0;2.0;0.0;0.0;0.0;0.0;0.0;0.0;3.0;0.0;0.0;0.0;0.0;0.0;0.0;0.0;0.0;0.0;0.0;0.0;0.0;0.0;0.0;0.0;0.0;2.0;0.0;3.0;0.0;5.0;0.0;0.0;3.0;0.0;0.0;0.0;0.0;0.0;0.0;0.0;0.0;1.0;0.0;0.0;0.0;0.0;0.0;0.0;0.0;0.0;0.0
5407.0;3.0;1.0;0.0;1.0;7.0;0.0;2.0;2.75;2.0;0.0;0.0;2.0;0.0;0.0;0.0;1.0;0.0;0.0;0.0;0.0;3.0;0.0;0.0;0.0;0.0;3.0;4.0;0.0;0.0;0.0;0.0;0.0;0.0;0.0;0.0;0.0;0.0;2.0;0.0;5.0;0.0;5.0;0.0;0.0;0.0;0.0;0.0;0.0;0.0;0.0;0.0;0.0;0.0;3.0;0.0;0.0;0.0;0.0;0.0;0.0;2.0;0.0;0.0
5706.0;2.0;1.0;0.0;4.0;4.0;0.0;7.0;3.0;3.0;2.0;4.0;3.0;2.0;4.0;5.0;2.0;2.0;3.0;3.0;3.0;2.0;4.0;4.0;4.0;2.0;4.0;5.0;5.0;4.0;5.0;5.0;3.0;2.0;2.0;2.0;3.0;3.0;2.0;4.0;4.0;2.0;5.0;2.0;2.0;3.0;3.0;4.0;4.0;3.0;3.0;3.0;4.0;2.0;2.0;3.0;3.0;4.0;3.0;5.0;5.0;4.0;2.0;3.0
5094.0;3.0;1.0;0.0;0.0;1.0;0.0;3.0;1.8;0.0;0.0;0.0;0.0;0.0;0.0;0.0;0.0;0.0;0.0;0.0;0.0;0.0;1.0;0.0;0.0;0.0;4.0;0.0;0.0;0.0;0.0;0.0;0.0;1.0;0.0;0.0;0.0;0.0;0.0;0.0;0.0;0.0;0.0;0.0;0.0;0.0;0.0;0.0;0.0;0.0;0.0;0.0;0.0;0.0;2.0;0.0;0.0;0.0;0.0;0.0;0.0;0.0;0.0;0.0
5088.0;2.0;1.0;0.0;3.0;1.0;0.0;1.0;3.767857142857143;4.0;3.0;4.0;3.0;4.0;4.0;5.0;2.0;4.0;2.0;5.0;4.0;5.0;4.0;5.0;3.0;3.0;4.0;3.0;4.0;4.0;5.0;5.0;4.0;4.0;2.0;3.0;4.0;5.0;4.0;3.0;5.0;5.0;4.0;2.0;5.0;5.0;3.0;5.0;4.0;5.0;2.0;3.0;4.0;2.0;4.0;5.0;3.0;4.0;3.0;4.0;5.0;4.0;3.0;3.0
5301.0;2.0;2.0;0.0;8.0;10.0;1.0;15.0;2.557142857142857;4.0;3.0;2.0;2.0;2.0;2.0;4.0;2.0;2.0;2.0;3.0;3.0;3.0;2.0;5.0;3.0;2.0;2.0;4.0;5.0;5.0;4.0;5.0;3.0;3.0;4.0;3.0;3.0;3.0;2.0;2.0;3.0;5.0;4.0;2.0;2.0;2.0;2.0;4.0;5.0;2.0;2.0;3.0;2.0;2.0;3.0;3.0;2.0;4.0;3.0;3.0;3.0;4.0;3.0;2.0
5751.0;3.0;1.0;0.0;0.0;3.0;0.0;2.0;1.8;0.0;0.0;0.0;0.0;0.0;0.0;0.0;0.0;0.0;0.0;0.0;0.0;2.0;2.0;0.0;0.0;0.0;0.0;0.0;0.0;0.0;0.0;0.0;0.0;0.0;0.0;0.0;1.0;0.0;0.0;0.0;0.0;0.0;3.0;0.0;0.0;0.0;0.0;0.0;0.0;0.0;0.0;0.0;0.0;0.0;0.0;0.0;0.0;0.0;0.0;0.0;0.0;0.0;0.0;0.0
5862.0;2.0;2.0;0.0;4.0;9.0;2.0;2.0;3.736842105263158;3.0;4.0;2.0;5.0;4.0;3.0;4.0;2.0;3.0;2.0;5.0;5.0;4.0;5.0;4.0;5.0;5.0;5.0;5.0;5.0;5.0;5.0;5.0;4.0;2.0;3.0;4.0;3.0;5.0;4.0;4.0;3.0;5.0;4.0;2.0;2.0;3.0;2.0;4.0;3.0;4.0;2.0;4.0;2.0;5.0;4.0;4.0;4.0;5.0;4.0;5.0;5.0;4.0;3.0;4.0
5185.0;3.0;1.0;0.0;1.0;4.0;0.0;5.0;2.1666666666666665;0.0;0.0;0.0;2.0;0.0;0.0;0.0;0.0;0.0;0.0;0.0;0.0;2.0;4.0;0.0;0.0;0.0;4.0;0.0;3.0;0.0;0.0;0.0;0.0;1.0;0.0;0.0;0.0;0.0;0.0;0.0;0.0;0.0;4.0;0.0;0.0;0.0;0.0;0.0;0.0;0.0;0.0;0.0;0.0;0.0;1.0;0.0;0.0;0.0;0.0;0.0;0.0;2.0;0.0;0.0
5095.0;2.0;1.0;0.0;3.0;4.0;5.0;0.0;4.036363636363636;4.0;2.0;4.0;4.0;5.0;5.0;5.0;2.0;3.0;2.0;5.0;5.0;5.0;3.0;4.0;4.0;3.0;5.0;4.0;5.0;5.0;5.0;5.0;5.0;5.0;2.0;3.0;3.0;4.0;4.0;3.0;5.0;5.0;4.0;4.0;4.0;5.0;3.0;4.0;5.0;4.0;3.0;4.0;3.0;4.0;3.0;5.0;4.0;5.0;5.0;5.0;5.0;5.0;2.0;3.0
5713.0;2.0;1.0;0.0;3.0;3.0;5.0;8.0;3.3015873015873014;4.0;5.0;5.0;4.0;2.0;2.0;5.0;2.0;3.0;3.0;5.0;4.0;2.0;3.0;4.0;4.0;2.0;5.0;5.0;5.0;5.0;5.0;5.0;4.0;3.0;2.0;3.0;2.0;4.0;2.0;4.0;4.0;4.0;4.0;3.0;4.0;2.0;3.0;5.0;5.0;4.0;2.0;3.0;4.0;2.0;3.0;4.0;3.0;5.0;4.0;4.0;4.0;5.0;3.0;3.0
5368.0;3.0;1.0;0.0;3.0;11.0;1.0;7.0;3.1041666666666665;5.0;2.0;0.0;4.0;3.0;2.0;4.0;0.0;2.0;0.0;5.0;2.0;3.0;3.0;4.0;3.0;0.0;5.0;5.0;5.0;4.0;5.0;5.0;4.0;3.0;2.0;2.0;0.0;4.0;4.0;0.0;5.0;5.0;4.0;0.0;3.0;3.0;2.0;0.0;0.0;0.0;0.0;2.0;0.0;3.0;3.0;2.0;0.0;3.0;4.0;4.0;4.0;3.0;0.0;2.0
5382.0;3.0;1.0;1.0;1.0;2.0;0.0;0.0;3.2;2.0;0.0;0.0;0.0;2.0;0.0;0.0;0.0;0.0;0.0;0.0;0.0;0.0;0.0;0.0;0.0;0.0;0.0;5.0;0.0;0.0;0.0;0.0;0.0;0.0;0.0;0.0;0.0;0.0;3.0;0.0;4.0;0.0;0.0;0.0;0.0;0.0;0.0;0.0;0.0;0.0;0.0;0.0;0.0;0.0;0.0;0.0;0.0;0.0;0.0;0.0;0.0;0.0;0.0;0.0
5526.0;2.0;2.0;0.0;3.0;1.0;0.0;3.0;3.4827586206896552;5.0;3.0;4.0;3.0;4.0;3.0;4.0;3.0;3.0;2.0;5.0;5.0;2.0;4.0;3.0;4.0;3.0;5.0;5.0;4.0;4.0;5.0;5.0;4.0;3.0;2.0;3.0;4.0;3.0;4.0;5.0;3.0;4.0;3.0;3.0;4.0;4.0;3.0;4.0;4.0;4.0;3.0;3.0;3.0;4.0;2.0;4.0;3.0;3.0;3.0;4.0;5.0;3.0;3.0;4.0
5705.0;2.0;2.0;0.0;3.0;3.0;2.0;3.0;3.9491525423728815;5.0;4.0;5.0;4.0;4.0;4.0;5.0;2.0;3.0;3.0;5.0;5.0;3.0;5.0;4.0;5.0;3.0;5.0;5.0;5.0;4.0;5.0;5.0;4.0;3.0;3.0;4.0;3.0;5.0;3.0;5.0;5.0;5.0;5.0;4.0;5.0;5.0;2.0;4.0;5.0;4.0;3.0;4.0;3.0;3.0;2.0;4.0;4.0;4.0;5.0;4.0;5.0;4.0;4.0;4.0
5525.0;2.0;1.0;0.0;6.0;9.0;1.0;4.0;3.2203389830508473;4.0;4.0;3.0;3.0;3.0;2.0;5.0;3.0;3.0;2.0;4.0;2.0;4.0;4.0;4.0;4.0;4.0;5.0;5.0;4.0;3.0;5.0;5.0;4.0;2.0;2.0;3.0;2.0;3.0;3.0;2.0;4.0;3.0;4.0;3.0;4.0;2.0;3.0;3.0;4.0;2.0;3.0;3.0;5.0;4.0;2.0;3.0;3.0;3.0;4.0;5.0;5.0;3.0;2.0;3.0
5709.0;2.0;1.0;0.0;3.0;1.0;3.0;3.0;3.6551724137931036;4.0;2.0;5.0;3.0;2.0;5.0;5.0;2.0;2.0;3.0;3.0;3.0;4.0;4.0;4.0;4.0;3.0;5.0;5.0;5.0;3.0;5.0;5.0;4.0;3.0;2.0;4.0;3.0;5.0;2.0;4.0;5.0;5.0;5.0;4.0;5.0;5.0;2.0;4.0;5.0;5.0;2.0;4.0;4.0;4.0;3.0;4.0;4.0;4.0;5.0;5.0;4.0;3.0;2.0;3.0
5013.0;3.0;1.0;1.0;1.0;0.0;0.0;0.0;3.0;0.0;0.0;0.0;0.0;0.0;0.0;0.0;0.0;0.0;0.0;0.0;0.0;0.0;0.0;0.0;0.0;0.0;0.0;0.0;0.0;0.0;0.0;0.0;0.0;0.0;0.0;0.0;0.0;0.0;0.0;0.0;3.0;0.0;0.0;0.0;0.0;0.0;0.0;0.0;0.0;0.0;0.0;0.0;0.0;0.0;0.0;0.0;0.0;0.0;0.0;0.0;0.0;0.0;0.0;0.0
5375.0;2.0;1.0;0.0;3.0;0.0;5.0;0.0;4.218181818181818;3.0;3.0;5.0;4.0;5.0;5.0;5.0;5.0;5.0;2.0;5.0;4.0;5.0;2.0;4.0;5.0;4.0;3.0;5.0;4.0;5.0;5.0;5.0;4.0;5.0;5.0;4.0;5.0;4.0;4.0;2.0;5.0;5.0;5.0;4.0;4.0;5.0;5.0;5.0;4.0;5.0;3.0;3.0;4.0;5.0;3.0;3.0;3.0;4.0;4.0;5.0;5.0;5.0;5.0;2.0
5303.0;2.0;1.0;0.0;7.0;3.0;3.0;2.0;3.9298245614035086;5.0;5.0;5.0;2.0;5.0;5.0;4.0;2.0;3.0;3.0;5.0;5.0;3.0;2.0;3.0;5.0;2.0;3.0;3.0;5.0;5.0;3.0;5.0;5.0;4.0;4.0;3.0;4.0;5.0;4.0;5.0;5.0;5.0;4.0;3.0;2.0;5.0;4.0;5.0;4.0;5.0;3.0;5.0;4.0;4.0;3.0;4.0;5.0;5.0;5.0;5.0;4.0;5.0;3.0;3.0
5315.0;2.0;1.0;0.0;6.0;7.0;0.0;3.0;3.206896551724138;4.0;2.0;3.0;2.0;4.0;3.0;5.0;2.0;3.0;2.0;4.0;3.0;4.0;5.0;2.0;3.0;2.0;2.0;3.0;4.0;4.0;5.0;5.0;4.0;4.0;4.0;3.0;2.0;3.0;3.0;3.0;3.0;3.0;4.0;5.0;2.0;4.0;3.0;2.0;4.0;3.0;2.0;3.0;4.0;2.0;3.0;4.0;3.0;3.0;5.0;4.0;4.0;5.0;3.0;3.0
5442.0;3.0;1.0;0.0;1.0;5.0;0.0;2.0;2.5454545454545454;0.0;0.0;0.0;2.0;0.0;0.0;0.0;4.0;0.0;0.0;0.0;0.0;1.0;3.0;0.0;0.0;0.0;2.0;0.0;0.0;0.0;0.0;0.0;0.0;3.0;0.0;0.0;2.0;0.0;0.0;0.0;0.0;0.0;4.0;0.0;0.0;0.0;0.0;0.0;0.0;0.0;0.0;0.0;0.0;0.0;3.0;0.0;0.0;0.0;0.0;0.0;0.0;3.0;0.0;0.0
5199.0;4.0;1.0;0.0;6.0;10.0;2.0;16.0;2.7611940298507465;3.0;3.0;4.0;3.0;3.0;3.0;4.0;2.0;2.0;0.0;5.0;3.0;4.0;4.0;4.0;3.0;3.0;3.0;5.0;4.0;3.0;5.0;5.0;4.0;3.0;2.0;3.0;2.0;3.0;2.0;2.0;3.0;4.0;4.0;0.0;0.0;2.0;2.0;4.0;5.0;3.0;2.0;5.0;0.0;2.0;2.0;4.0;3.0;4.0;5.0;4.0;4.0;3.0;2.0;3.0
5200.0;4.0;2.0;0.0;6.0;3.0;3.0;13.0;2.3653846153846154;5.0;0.0;0.0;2.0;2.0;0.0;3.0;2.0;2.0;0.0;4.0;2.0;2.0;4.0;4.0;3.0;2.0;3.0;3.0;2.0;3.0;5.0;5.0;3.0;2.0;0.0;0.0;0.0;2.0;2.0;0.0;3.0;4.0;5.0;0.0;2.0;2.0;1.0;0.0;0.0;0.0;0.0;4.0;0.0;2.0;2.0;2.0;2.0;2.0;2.0;3.0;3.0;3.0;1.0;2.0
